,pair1,pair2,corr_value
0,(l),(h),1.0
1,(polynomial),(binomial),1.0
2,(w),(h),1.0
3,(w),(l),1.0
4,add(mul(integer((d))pow(symbol(x)integer((d))))symbol(x)mul(integer(-(d))mul(integer((d))integer((d))pow(mul(integer((d))symbol(x))mul(integer((d))pow(integer((d))integer(-(d)))))))),add(mul(integer((d))pow(pow(symbol(x)integer((d)))integer(-(d))))pow(symbol(x)integer(-(d)))),1.0
5,add(mul(integer(-(d))integer((d))pow(integer((d))mul(integer((d))pow(integer((d))integer(-(d))))))integer((d))),add(integer((d))mul(integer((d))pow(integer((d))mul(integer((d))pow(integer((d))integer(-(d))))))),1.0
6,add(symbol(x)mul(integer(-(d))mul(integer((d))integer((d))symbol(x)))),add(mul(integer((d))symbol(x))mul(integer((d))symbol(x))),1.0
7,add(symbol(x)symbol(x)),add(mul(symbol(x)symbol(x))mul(symbol(x)symbol(x))),0.7067356938971815
8,advised,(d)m,1.0
9,allowance,able,0.8160676360171515
10,another,already,0.894239444363399
11,answered,answer,0.7067356938971817
12,any),(if,1.0
13,asked,answer,0.7067356938971817
14,asked,answered,1.0
15,ball,always,1.0
16,bamboo,amount,0.8943333765842448
17,bank,amount,0.8943333765842454
18,bank,bamboo,0.9999999999999997
19,box,(d)cm,0.7067356938971823
20,buy,blouse,0.8943333765842449
21,cardboard,box,0.7067356938971817
22,centimeter,add(mul(integer((d))pow(symbol(x)integer((d))))mul(integer((d))pow(symbol(x)integer((d))))mul(integer((d))pow(symbol(x)integer((d))))mul(integer((d))symbol(x))integer((d))),0.7067356938971816
23,centimeters,(d)cm,0.9999999999999999
24,centimeters,box,0.7067356938971818
25,chain,add(symbol(x)mul(integer(-(d))symbol(x))),1.0
26,christmas,blouse,0.7067356938971815
27,christmas,bought,0.7067356938971813
28,christmas,buy,0.9485836621422364
29,classmate,answer,0.7067356938971817
30,classmate,answered,1.0
31,classmate,asked,1.0
32,classroom,bought,1.0
33,classroom,christmas,0.7067356938971813
34,closely,associated,0.7067356938971812
35,cm,base,0.7293749787792606
36,composed,add(integer((d))mul(integer(-(d))symbol(x))),1.0
37,consider,add(mul(symbol(x)symbol(x))pow(symbol(x)integer((d)))mul(integer(-(d))mul(integer((d))integer((d))pow(symbol(x)integer((d)))))mul(integer(-(d))integer((d)))),0.8160676360171514
38,constant,add(mul(integer((d))pow(symbol(x)integer((d))))mul(integer(-(d))mul(integer((d))integer((d))pow(symbol(x)integer((d)))))mul(integer((d))pow(symbol(x)integer((d))))mul(integer((d))symbol(x))mul(integer(-(d))integer((d)))),0.7067356938971819
39,construction,add(integer((d))mul(integer(-(d))symbol(x))),1.0
40,construction,composed,1.0
41,contains,add(integer((d))mul(integer(-(d))symbol(x))),0.8163539745205176
42,contains,composed,0.8163539745205176
43,contains,construction,0.8163539745205176
44,continue,(d)m,1.0
45,continue,advised,1.0
46,continued,able,0.8160676360171515
47,continued,allowance,1.0
48,corner,box,0.7067356938971817
49,corner,cardboard,1.0
50,correct,answered,0.7067356938971815
51,correct,asked,0.7067356938971815
52,correct,classmate,0.7067356938971815
53,costs,blouse,1.0
54,costs,buy,0.8943333765842449
55,costs,christmas,0.7067356938971815
56,crew,add(symbol(x)mul(integer(-(d))symbol(x))),1.0
57,crew,chain,1.0
58,cruz,business,1.0
59,cubes,add(pow(symbol(x)integer((d)))integer((d))),0.7067356938971816
60,daily,(d)m,1.0
61,daily,advised,1.0
62,daily,continue,1.0
63,de,business,1.0
64,de,cruz,1.0
65,december,blouse,1.0
66,december,buy,0.8943333765842449
67,december,christmas,0.7067356938971815
68,december,costs,1.0
69,decimal,answer,0.7067356938971817
70,deposits,able,0.8160676360171515
71,deposits,allowance,1.0
72,deposits,continued,1.0
73,describe,correctly,0.7059905898337131
74,describes,add(pow(symbol(x)integer((d)))pow(symbol(x)integer((d)))mul(integer((d))pow(integer((d))integer(-(d)))symbol(x))integer((d))),0.7067356938971819
75,description,correct,0.7067356938971818
76,dimension,(d)cm,0.8163539745205187
77,dimension,centimeters,0.816353974520518
78,dimensions,(d)cm,0.7069221412446146
79,dimensions,box,0.7494090095234381
80,dimensions,centimeters,0.7069221412446143
81,dimesnions,appropriate,1.0
82,dish,bacteria,1.0
83,distance,covered,0.8655699604693292
84,div,add(mul(integer((d))pow(symbol(x)integer((d))))mul(integer((d))pow(symbol(x)integer((d))))mul(integer(-(d))integer((d)))),0.7067356938971813
85,division,(if,0.8670422783996912
86,division,any),0.8670422783996912
87,doubled,blouse,1.0
88,doubled,buy,0.8943333765842449
89,doubled,christmas,0.7067356938971815
90,doubled,costs,1.0
91,doubled,december,1.0
92,doubles,amount,0.8943333765842448
93,doubles,bamboo,1.0
94,doubles,bank,0.9999999999999997
95,dropped,covered,0.8160676360171513
96,dropped,distance,0.7063636314476659
97,earn,add(symbol(x)mul(integer(-(d))symbol(x))),1.0
98,earn,chain,1.0
99,earn,crew,1.0
100,earns,add(symbol(x)mul(integer(-(d))symbol(x))),1.0
101,earns,chain,1.0
102,earns,crew,1.0
103,earns,earn,1.0
104,easily,applying,1.0
105,enlarged,(d)cm,0.9999999999999999
106,enlarged,box,0.7067356938971818
107,enlarged,centimeters,1.0
108,enlarged,dimension,0.816353974520518
109,enlarged,dimensions,0.7069221412446143
110,er,det,1.0
111,evaluate,add(pow(symbol(x)integer((d)))pow(symbol(x)integer((d)))symbol(x)integer((d))),0.8160676360171514
112,exercise,(d)m,1.0
113,exercise,advised,1.0
114,exercise,continue,1.0
115,exercise,daily,1.0
116,expression,(binomial),0.838827969407006
117,expression,(polynomial),0.838827969407006
118,expressions,cube,0.7067356938971816
119,expressions,expressed,0.7067356938971817
120,factoring,cubes,0.8943333765842448
121,fall,diver,1.0
122,fallen,covered,0.8160676360171513
123,fallen,distance,0.7063636314476659
124,fallen,dropped,1.0
125,falls,covered,0.8160676360171513
126,falls,distance,0.7063636314476659
127,falls,dropped,1.0
128,falls,fallen,1.0
129,far,dropped,0.8160676360171518
130,far,fallen,0.8160676360171518
131,far,falls,0.8160676360171518
132,farmers,enclose,1.0
133,field,begins,1.0
134,fifth,always,1.0
135,fifth,ball,1.0
136,final,answer,0.7067356938971817
137,final,decimal,1.0
138,finding,easier,0.7069221412446146
139,fits,blank,1.0
140,form,factored,0.7033515407180875
141,friedrich,add(integer((d))mul(integer(-(d))integer((d)))),0.7067356938971818
142,ft,already,1.0
143,ft,another,0.894239444363399
144,fun,amount,0.8943333765842448
145,fun,bamboo,1.0
146,fun,bank,0.9999999999999997
147,fun,doubles,1.0
148,function,f(x),0.8706971863189248
149,g(x),add(mul(integer((d))pow(symbol(x)integer((d))))mul(integer((d))pow(symbol(x)integer((d))))mul(integer(-(d))pow(symbol(x)integer((d))))integer((d))),0.8655699604693298
150,game,cups,1.0
151,garden,enclose,1.0000000000000004
152,garden,farmers,1.0000000000000004
153,gauss,add(integer((d))mul(integer(-(d))integer((d)))),0.7067356938971818
154,gauss,friedrich,1.0
155,gets,annually,1.0
156,ground,already,0.9426990369280182
157,ground,another,0.842776472242236
158,ground,ft,0.9426990369280182
159,group,belong,1.0
160,growth,bacteria,1.0
161,growth,dish,1.0
162,h(x),add(mul(integer((d))pow(symbol(x)integer((d))))mul(integer(-(d))mul(integer((d))integer((d))pow(symbol(x)integer((d)))))mul(integer((d))pow(symbol(x)integer((d))))mul(integer(-(d))integer((d)))),0.7067356938971818
163,hall,additional,1.0
164,height,(h),0.7687194760502848
165,height,(l),0.7687194760502848
166,height,(w),0.7687194760502848
167,high,building,1.0
168,highest,exponent,1.0
169,homework,adds,1.0
170,hour,add(symbol(x)mul(integer(-(d))symbol(x))),0.7067356938971813
171,hour,chain,0.7067356938971813
172,hour,crew,0.7067356938971813
173,hour,earn,0.7067356938971813
174,hour,earns,0.7067356938971813
175,hours,add(symbol(x)mul(integer(-(d))symbol(x))),1.0
176,hours,chain,1.0
177,hours,crew,1.0
178,hours,earn,1.0
179,hours,earns,1.0
180,hours,hour,0.7067356938971813
181,impasugong,enclose,1.0
182,impasugong,farmers,1.0
183,impasugong,garden,1.0000000000000004
184,income,business,0.8162114466032563
185,income,cruz,0.8162114466032563
186,income,de,0.8162114466032563
187,increase,income,0.9424777082238838
188,increased,(d)cm,0.9999999999999999
189,increased,box,0.7067356938971818
190,increased,centimeters,1.0
191,increased,dimension,0.816353974520518
192,increased,dimensions,0.7069221412446143
193,increased,enlarged,1.0
194,inequality,belong,1.0
195,inequality,group,1.0
196,infinity,indicates,1.0
197,inside,amount,0.8943333765842448
198,inside,bamboo,1.0
199,inside,bank,0.9999999999999997
200,inside,doubles,1.0
201,inside,fun,1.0
202,introduced,count,1.0
203,jane,able,0.8160676360171515
204,jane,allowance,1.0
205,jane,continued,1.0
206,jane,deposits,1.0
207,january,day,0.7691034070670055
208,job,accepted,1.0
209,joey,amount,0.8943333765842448
210,joey,bamboo,1.0
211,joey,bank,0.9999999999999997
212,joey,doubles,1.0
213,joey,fun,1.0
214,joey,inside,1.0
215,jose,begins,1.0
216,jose,field,1.0
217,jump,diver,1.0
218,jump,fall,1.0
219,jumped,diver,1.0
220,jumped,fall,1.0
221,jumped,jump,1.0
222,jumps,diver,1.0
223,jumps,fall,1.0
224,jumps,jump,1.0
225,jumps,jumped,1.0
226,karl,add(integer((d))mul(integer(-(d))integer((d)))),0.7067356938971818
227,karl,friedrich,1.0
228,karl,gauss,1.0
229,kilometer,fare,1.0
230,know,add(pow(symbol(x)integer((d)))integer((d))),0.7067356938971816
231,know,cubes,1.0
232,know,factoring,0.8943333765842447
233,kth,a_k,0.8943333765842445
234,la,business,1.0
235,la,cruz,1.0
236,la,de,1.0
237,la,income,0.8162114466032563
238,layer,add(integer((d))mul(integer(-(d))symbol(x))),1.0
239,layer,composed,1.0
240,layer,construction,1.0
241,layer,contains,0.8163539745205176
242,leading,coefficient,0.8655699604693298
243,leaves,add(mul(mul(integer(-(d))symbol(x))symbol(x))mul(integer((d))pow(symbol(x)integer((d))))integer((d))),0.7067356938971816
244,left(x-(d),left(x+(d),1.0
245,like,enclose,1.0
246,like,farmers,1.0
247,like,garden,1.0000000000000004
248,like,impasugong,1.0
249,linear,belong,0.7067356938971819
250,linear,group,0.7067356938971819
251,linear,inequality,0.7067356938971819
252,lita,add(symbol(x)mul(integer(-(d))symbol(x))),1.0
253,lita,chain,1.0
254,lita,crew,1.0
255,lita,earn,1.0
256,lita,earns,1.0
257,lita,hour,0.7067356938971813
258,lita,hours,1.0
259,logs,add(integer((d))mul(integer(-(d))symbol(x))),1.0000000000000007
260,logs,composed,1.0000000000000007
261,logs,construction,1.0000000000000007
262,logs,contains,0.8163539745205198
263,logs,layer,1.0000000000000007
264,longer,less,0.7067356938971817
265,lowest,add(integer((d))mul(integer(-(d))symbol(x))),1.0
266,lowest,composed,1.0
267,lowest,construction,1.0
268,lowest,contains,0.8163539745205176
269,lowest,layer,1.0
270,lowest,logs,1.0000000000000007
271,made,allowance,0.8160676360171512
272,made,continued,0.8160676360171512
273,made,deposits,0.8160676360171512
274,made,jane,0.8160676360171512
275,madison,adds,1.0
276,madison,homework,1.0
277,manages,answer,0.7067356938971817
278,manages,decimal,1.0
279,manages,final,1.0
280,mary,annually,1.0
281,mary,gets,1.0
282,mathematical,building,0.706735693897182
283,mathematical,high,0.706735693897182
284,mathematician,discovered,1.0
285,mathematicians,count,1.0
286,mathematicians,introduced,1.0
287,meet,begins,1.0
288,meet,field,1.0
289,meet,jose,1.0
290,metal,(d)cm,0.9999999999999999
291,metal,box,0.7067356938971818
292,metal,centimeters,1.0
293,metal,dimension,0.816353974520518
294,metal,dimensions,0.7069221412446143
295,metal,enlarged,1.0
296,metal,increased,1.0
297,meters,longer,0.8943333765842455
298,miles,begins,0.9999999999999991
299,miles,field,0.9999999999999991
300,miles,jose,0.9999999999999991
301,miles,meet,0.9999999999999991
302,min,det,1.0
303,min,er,1.0
304,mirasol,day,0.8160676360171516
305,mirasol,end,0.7063636314476659
306,mirasol,january,0.9426990369280185
307,money,blouse,1.0
308,money,buy,0.8943333765842449
309,money,christmas,0.7067356938971815
310,money,costs,1.0
311,money,december,1.0
312,money,doubled,1.0
313,monomials,monomial,0.7067356938971819
314,month,decimal,0.7557594325146626
315,month,final,0.7557594325146626
316,month,january,0.7551402975648276
317,month,manages,0.7557594325146626
318,monthly,annually,0.8160676360171517
319,monthly,gets,0.8160676360171517
320,monthly,mary,0.8160676360171517
321,months,answer,0.7067356938971817
322,months,decimal,1.0
323,months,final,1.0
324,months,manages,1.0
325,months,month,0.7557594325146626
326,morning,(d)m,1.0
327,morning,advised,1.0
328,morning,continue,1.0
329,morning,daily,1.0
330,morning,exercise,1.0
331,mother,blouse,1.0
332,mother,buy,0.8943333765842449
333,mother,christmas,0.7067356938971815
334,mother,costs,1.0
335,mother,december,1.0
336,mother,doubled,1.0
337,mother,money,1.0
338,mr,enclose,1.0
339,mr,farmers,1.0
340,mr,garden,1.0000000000000004
341,mr,impasugong,1.0
342,mr,like,1.0
343,mrs,business,1.0
344,mrs,cruz,1.0
345,mrs,de,1.0
346,mrs,income,0.8162114466032563
347,mrs,la,1.0
348,mul(integer((d))pow(mul(integer((d))symbol(x))integer(-(d)))),add(mul(integer((d))pow(pow(symbol(x)integer((d)))integer(-(d))))pow(symbol(x)integer(-(d)))),1.0
349,mul(integer((d))pow(mul(integer((d))symbol(x))integer(-(d)))),add(mul(integer((d))pow(symbol(x)integer((d))))symbol(x)mul(integer(-(d))mul(integer((d))integer((d))pow(mul(integer((d))symbol(x))mul(integer((d))pow(integer((d))integer(-(d)))))))),1.0
350,mul(integer((d))symbol(x)pow(symbol(x)integer((d)))),(d)cm,0.9999999999999999
351,mul(integer((d))symbol(x)pow(symbol(x)integer((d)))),box,0.7067356938971818
352,mul(integer((d))symbol(x)pow(symbol(x)integer((d)))),centimeters,1.0
353,mul(integer((d))symbol(x)pow(symbol(x)integer((d)))),dimension,0.816353974520518
354,mul(integer((d))symbol(x)pow(symbol(x)integer((d)))),dimensions,0.7069221412446143
355,mul(integer((d))symbol(x)pow(symbol(x)integer((d)))),enlarged,1.0
356,mul(integer((d))symbol(x)pow(symbol(x)integer((d)))),increased,1.0
357,mul(integer((d))symbol(x)pow(symbol(x)integer((d)))),metal,1.0
358,mul(pow(add(mul(integer((d))pow(symbol(x)integer((d))))mul(integer(-(d))symbol(x))mul(integer(-(d))integer((d))))integer(-(d)))add(mul(integer((d))pow(symbol(x)integer((d))))pow(symbol(x)integer((d)))mul(integer(-(d))mul(integer((d))integer((d))symbol(x)))mul(integer(-(d))integer((d))))),hint,1.0
359,mul(pow(function(x)(symbol(x))integer(-(d)))function(x)(symbol(x))),algortihm,1.0
360,mul(pow(symbol(x)integer((d)))add(symbol(x)integer((d)))),mul(pow(symbol(x)integer((d)))add(pow(symbol(x)integer((d)))integer((d)))),1.0
361,mul(pow(symbol(x)integer(-(d)))symbol(x)),exponnts,1.0
362,mul(symbol(x)pow(symbol(x)integer((d)))),mul(pow(symbol(x)integer((d)))pow(symbol(x)integer((d)))),1.0000000000000002
363,mul(symbol(x)pow(symbol(x)integer(-(d)))),integer,0.8160676360171514
364,multiplicity,indicate,0.7756051101203361
365,multiply,follows,1.0
366,municipal,begins,1.0
367,municipal,field,1.0
368,municipal,jose,1.0
369,municipal,meet,1.0
370,municipal,miles,0.9999999999999991
371,must,concept,1.0
372,name,according,0.8756632799893871
373,national,building,1.0
374,national,high,1.0
375,national,mathematical,0.706735693897182
376,negative,count,0.706735693897182
377,negative,introduced,0.706735693897182
378,negative,mathematicians,0.706735693897182
379,negative,may,0.706735693897182
380,new,(d)cm,0.8943333765842454
381,new,centimeters,0.894333376584245
382,new,dimension,0.7297085506602651
383,new,enlarged,0.894333376584245
384,new,increased,0.894333376584245
385,new,metal,0.894333376584245
386,new,mul(integer((d))symbol(x)pow(symbol(x)integer((d)))),0.894333376584245
387,nhs,begins,1.0
388,nhs,field,1.0
389,nhs,jose,1.0
390,nhs,meet,1.0
391,nhs,miles,0.9999999999999991
392,nhs,municipal,1.0
393,november,blouse,1.0
394,november,buy,0.8943333765842449
395,november,christmas,0.7067356938971815
396,november,costs,1.0
397,november,december,1.0
398,november,doubled,1.0
399,november,money,1.0
400,november,mother,1.0
401,numerical,follows,0.7063636314476653
402,numerical,multiply,0.7063636314476653
403,object,covered,0.8160676360171513
404,object,distance,0.7063636314476659
405,object,dropped,1.0
406,object,fallen,1.0
407,object,falls,1.0
408,object,far,0.8160676360171518
409,obtained,blouse,0.7067356938971818
410,obtained,costs,0.7067356938971818
411,obtained,december,0.7067356938971818
412,obtained,doubled,0.7067356938971818
413,obtained,money,0.7067356938971818
414,obtained,mother,0.7067356938971818
415,obtained,november,0.7067356938971818
416,odd,add(mul(symbol(x)symbol(x))mul(symbol(x)symbol(x))),0.7067356938971815
417,opalla,enclose,1.0
418,opalla,farmers,1.0
419,opalla,garden,1.0000000000000004
420,opalla,impasugong,1.0
421,opalla,like,1.0
422,opalla,mr,1.0
423,open,box,0.7067356938971817
424,open,cardboard,1.0
425,open,corner,1.0
426,operation,obtaining,1.0
427,order,concept,1.0
428,order,must,1.0
429,original,(d)cm,0.9999999999999999
430,original,box,0.7067356938971818
431,original,centimeters,1.0
432,original,dimension,0.816353974520518
433,original,dimensions,0.7069221412446143
434,original,enlarged,1.0
435,original,increased,1.0
436,original,metal,1.0
437,original,mul(integer((d))symbol(x)pow(symbol(x)integer((d)))),1.0
438,original,new,0.894333376584245
439,party,bought,1.0
440,party,christmas,0.7067356938971813
441,party,classroom,1.0
442,passenger,fare,1.0
443,passenger,kilometer,1.0
444,pays,fare,1.0
445,pays,kilometer,1.0
446,pays,passenger,1.0
447,pedro,bought,1.0
448,pedro,christmas,0.7067356938971813
449,pedro,classroom,1.0
450,pedro,party,1.0
451,people,hour,0.7067356938971814
452,per,add(symbol(x)mul(integer(-(d))symbol(x))),0.7067356938971813
453,per,chain,0.7067356938971813
454,per,crew,0.7067356938971813
455,per,earn,0.7067356938971813
456,per,earns,0.7067356938971813
457,per,fare,0.7067356938971814
458,per,hours,0.7067356938971813
459,per,kilometer,0.7067356938971814
460,per,lita,0.7067356938971813
461,per,passenger,0.7067356938971814
462,per,pays,0.7067356938971814
463,peso,amount,0.8943333765842448
464,peso,bamboo,1.0
465,peso,bank,0.9999999999999997
466,peso,doubles,1.0
467,peso,fun,1.0
468,peso,inside,1.0
469,peso,joey,1.0
470,pesos,bought,0.8943333765842449
471,pesos,classroom,0.8943333765842449
472,pesos,party,0.8943333765842449
473,pesos,pedro,0.8943333765842449
474,peter,bought,1.0
475,peter,christmas,0.7067356938971813
476,peter,classroom,1.0
477,peter,party,1.0
478,peter,pedro,1.0
479,peter,pesos,0.8943333765842449
480,petri,bacteria,1.0
481,petri,dish,1.0
482,petri,growth,1.0
483,philippine,building,1.0
484,philippine,high,1.0
485,philippine,mathematical,0.706735693897182
486,philippine,national,1.0
487,php,much,0.714879277386614
488,physician,(d)m,1.0
489,physician,advised,1.0
490,physician,continue,1.0
491,physician,daily,1.0
492,physician,exercise,1.0
493,physician,morning,1.0
494,piled,add(integer((d))mul(integer(-(d))symbol(x))),1.0
495,piled,composed,1.0
496,piled,construction,1.0
497,piled,contains,0.8163539745205176
498,piled,layer,1.0
499,piled,logs,1.0000000000000007
500,piled,lowest,1.0
501,places,answer,0.7067356938971817
502,places,decimal,1.0
503,places,final,1.0
504,places,manages,1.0
505,places,month,0.7557594325146626
506,places,months,1.0
507,plane,covered,0.8160676360171513
508,plane,distance,0.7063636314476659
509,plane,dropped,1.0
510,plane,fallen,1.0
511,plane,falls,1.0
512,plane,far,0.8160676360171518
513,plane,object,1.0
514,planning,blouse,1.0
515,planning,buy,0.8943333765842449
516,planning,christmas,0.7067356938971815
517,planning,costs,1.0
518,planning,december,1.0
519,planning,doubled,1.0
520,planning,money,1.0
521,planning,mother,1.0
522,planning,november,1.0
523,planning,obtained,0.7067356938971818
524,playing,cups,1.0
525,playing,game,1.0
526,pow(add(pow(symbol(x)integer((d)))mul(integer((d))pow(symbol(x)integer((d))))mul(integer(-(d))mul(integer((d))integer((d))symbol(x))))mul(integer((d))pow(integer((d))integer(-(d))))),equationnn,1.0
527,power,expressed,1.0
528,power,expressions,0.7067356938971817
529,precedes,cinema,1.0
530,preceding,covered,0.8160676360171513
531,preceding,distance,0.7063636314476659
532,preceding,dropped,1.0
533,preceding,fallen,1.0
534,preceding,falls,1.0
535,preceding,far,0.8160676360171518
536,preceding,object,1.0
537,preceding,plane,1.0
538,present,blouse,1.0
539,present,buy,0.8943333765842449
540,present,christmas,0.7067356938971815
541,present,costs,1.0
542,present,december,1.0
543,present,doubled,1.0
544,present,money,1.0
545,present,mother,1.0
546,present,november,1.0
547,present,obtained,0.7067356938971818
548,present,planning,1.0
549,previous,always,0.7067356938971814
550,previous,ball,0.7067356938971814
551,previous,decimal,0.7067356938971815
552,previous,fifth,0.7067356938971814
553,previous,final,0.7067356938971815
554,previous,manages,0.7067356938971815
555,previous,months,0.7067356938971815
556,previous,places,0.7067356938971815
557,prism,longer,0.816353974520518
558,prism,meters,0.7297085506602656
559,problem,adds,1.0
560,problem,homework,1.0
561,problem,madison,1.0
562,process,multiplication,1.0
563,property,applying,1.0
564,property,easily,1.0
565,provides,add(symbol(x)mul(symbol(x)symbol(x))mul(symbol(x)pow(symbol(x)integer((d))))mul(symbol(x)pow(symbol(x)integer((d))))mul(symbol(x)pow(symbol(x)symbol(x)))symbol(x)),1.0
566,provincial,begins,1.0
567,provincial,field,1.0
568,provincial,jose,1.0
569,provincial,meet,1.0
570,provincial,miles,0.9999999999999991
571,provincial,municipal,1.0
572,provincial,nhs,1.0
573,q(x)+r(x)/d(x),algortihm,1.0
574,q(x)+r(x)/d(x),mul(pow(function(x)(symbol(x))integer(-(d)))function(x)(symbol(x))),1.0
575,quadratic,belong,0.7557594325146625
576,quadratic,group,0.7557594325146625
577,quadratic,inequality,0.7557594325146625
578,quotient,(if,0.9209153817065965
579,quotient,any),0.9209153817065965
580,quotient,division,0.7967398537471698
581,raise,accepted,1.0
582,raise,job,1.0
583,rate,already,1.0
584,rate,another,0.894239444363399
585,rate,ft,1.0
586,rate,ground,0.9426990369280182
587,rebounds,always,1.0
588,rebounds,ball,1.0
589,rebounds,fifth,1.0
590,rebounds,previous,0.7067356938971814
591,recall,concept,1.0
592,recall,must,1.0
593,recall,order,1.0
594,receive,annually,0.8160676360171517
595,receive,gets,0.8160676360171517
596,receive,mary,0.8160676360171517
597,receive,monthly,1.0
598,receives,annual,1.0
599,rectangle,add(mul(integer((d))pow(symbol(x)integer((d))))mul(integer((d))pow(symbol(x)integer((d))))mul(integer((d))pow(symbol(x)integer((d))))mul(integer((d))symbol(x))integer((d))),0.7067356938971824
600,rectangle,centimeter,0.9999999999999999
601,related,closely,0.7067356938971812
602,relationship,building,0.7067356938971819
603,relationship,discovered,0.706735693897182
604,relationship,high,0.7067356938971819
605,relationship,mathematician,0.706735693897182
606,relationship,national,0.7067356938971819
607,relationship,philippine,0.7067356938971819
608,remainder,divided,0.705481290775296
609,remains,(d)cm,0.9999999999999999
610,remains,box,0.7067356938971818
611,remains,centimeters,1.0
612,remains,dimension,0.816353974520518
613,remains,dimensions,0.7069221412446143
614,remains,enlarged,1.0
615,remains,increased,1.0
616,remains,metal,1.0
617,remains,mul(integer((d))symbol(x)pow(symbol(x)integer((d)))),1.0
618,remains,new,0.894333376584245
619,remains,original,1.0
620,removing,box,0.7067356938971817
621,removing,cardboard,1.0
622,removing,corner,1.0
623,removing,open,1.0
624,representative,begins,1.0
625,representative,field,1.0
626,representative,jose,1.0
627,representative,meet,1.0
628,representative,miles,0.9999999999999991
629,representative,municipal,1.0
630,representative,nhs,1.0
631,representative,provincial,1.0
632,representthe,mathematical,0.7067356938971819
633,result,add(symbol(x)mul(integer((d))pow(add(symbol(x)mul(integer(-(d))integer((d))))integer(-(d))))),1.0
634,resulting,add(pow(symbol(x)integer((d)))integer((d))),0.7067356938971817
635,resulting,leaves,0.7067356938971817
636,reverse,multiplication,1.0
637,reverse,process,1.0
638,rico,answer,0.7067356938971817
639,rico,decimal,1.0
640,rico,final,1.0
641,rico,manages,1.0
642,rico,month,0.7557594325146626
643,rico,months,1.0
644,rico,places,1.0
645,rico,previous,0.7067356938971815
646,right),left(x+(d),1.0
647,right),left(x-(d),1.0
648,rise,already,1.0
649,rise,another,0.894239444363399
650,rise,ft,1.0
651,rise,ground,0.9426990369280182
652,rise,rate,1.0
653,rocket,already,1.0
654,rocket,another,0.894239444363399
655,rocket,ft,1.0
656,rocket,ground,0.9426990369280182
657,rocket,rate,1.0
658,rocket,rise,1.0
659,root,rational,0.8178832897590398
660,round,answer,0.7067356938971817
661,round,decimal,1.0
662,round,final,1.0
663,round,manages,1.0
664,round,month,0.7557594325146626
665,round,months,1.0
666,round,places,1.0
667,round,previous,0.7067356938971815
668,round,rico,1.0
669,row,cinema,0.8163539745205176
670,row,precedes,0.8163539745205176
671,rows,additional,0.8160676360171514
672,rows,hall,0.8160676360171514
673,rows,row,0.9426438538380745
674,run,begins,1.0
675,run,field,1.0
676,run,jose,1.0
677,run,meet,1.0
678,run,miles,0.9999999999999991
679,run,municipal,1.0
680,run,nhs,1.0
681,run,provincial,1.0
682,run,representative,1.0
683,running,begins,1.0
684,running,field,1.0
685,running,jose,1.0
686,running,meet,1.0
687,running,miles,0.9999999999999991
688,running,municipal,1.0
689,running,nhs,1.0
690,running,provincial,1.0
691,running,representative,1.0
692,running,run,1.0
693,s_{,infty},1.0
694,salary,accepted,0.7069221412446142
695,salary,job,0.7069221412446142
696,salary,monthly,0.8158524020653709
697,salary,raise,0.7069221412446142
698,salary,receive,0.8158524020653709
699,save,allowance,0.8525589508802293
700,save,continued,0.8525589508802293
701,save,deposits,0.8525589508802293
702,save,jane,0.8525589508802293
703,saved,end,0.7489473684210531
704,saved,january,0.832797787654401
705,saved,mirasol,0.7063636314476658
706,saved,month,0.754962958143439
707,saves,amount,0.7996219281663519
708,saves,bamboo,0.8943333765842448
709,saves,bank,0.8943333765842453
710,saves,doubles,0.8943333765842448
711,saves,fun,0.8943333765842448
712,saves,inside,0.8943333765842448
713,saves,joey,0.8943333765842448
714,saves,peso,0.8943333765842448
715,saving,able,1.0
716,saving,allowance,0.8160676360171515
717,saving,continued,0.8160676360171515
718,saving,deposits,0.8160676360171515
719,saving,jane,0.8160676360171515
720,savings,decimal,0.7067356938971814
721,savings,doubling,0.7067356938971816
722,savings,final,0.7067356938971814
723,savings,manages,0.7067356938971814
724,savings,months,0.7067356938971814
725,savings,places,0.7067356938971814
726,savings,rico,0.7067356938971814
727,savings,round,0.7067356938971814
728,says,adds,1.0
729,says,homework,1.0
730,says,madison,1.0
731,says,problem,1.0
732,school,building,1.0
733,school,high,1.0
734,school,mathematical,0.706735693897182
735,school,national,1.0
736,school,philippine,1.0
737,school,relationship,0.7067356938971819
738,season,blouse,1.0
739,season,buy,0.8943333765842449
740,season,christmas,0.7067356938971815
741,season,costs,1.0
742,season,december,1.0
743,season,doubled,1.0
744,season,money,1.0
745,season,mother,1.0
746,season,november,1.0
747,season,obtained,0.7067356938971818
748,season,planning,1.0
749,season,present,1.0
750,seat,additional,0.706735693897181
751,seat,hall,0.706735693897181
752,seats,cinema,0.7425059400292647
753,seats,precedes,0.7425059400292647
754,seats,row,0.9854866961908824
755,seats,rows,0.9647963380417927
756,seconds,already,0.7063636314476658
757,seconds,dropped,0.7063636314476658
758,seconds,fallen,0.7063636314476658
759,seconds,falls,0.7063636314476658
760,seconds,feet,0.7704877472030389
761,seconds,ft,0.7063636314476658
762,seconds,object,0.7063636314476658
763,seconds,plane,0.7063636314476658
764,seconds,preceding,0.7063636314476658
765,seconds,rate,0.7063636314476658
766,seconds,rise,0.7063636314476658
767,seconds,rocket,0.7063636314476658
768,seconds,second,0.7086969723100854
769,sentence,mathematical,0.7067356938971819
770,sentence,representthe,1.0
771,sequence-(d)-(d),blank-(d)-(d),1.0
772,series,geometric,0.7249012047359613
773,service,add(symbol(x)mul(integer(-(d))symbol(x))),1.0
774,service,chain,1.0
775,service,crew,1.0
776,service,earn,1.0
777,service,earns,1.0
778,service,hour,0.7067356938971813
779,service,hours,1.0
780,service,lita,1.0
781,service,per,0.7067356938971813
782,set,indicates,1.0
783,set,infinity,1.0
784,shoes,able,0.8160676360171515
785,shoes,allowance,1.0
786,shoes,continued,1.0
787,shoes,deposits,1.0
788,shoes,jane,1.0
789,shoes,made,0.8160676360171512
790,shoes,save,0.8525589508802291
791,shoes,saving,0.8160676360171515
792,sin,prove,1.0
793,since,business,1.0
794,since,cruz,1.0
795,since,de,1.0
796,since,income,0.8162114466032563
797,since,la,1.0
798,since,mrs,1.0
799,situation,neither,1.0
800,sky,diver,1.0
801,sky,fall,1.0
802,sky,jump,1.0
803,sky,jumped,1.0
804,sky,jumps,1.0
805,solid,(h),0.9700223889146804
806,solid,(l),0.9700223889146804
807,solid,(w),0.9700223889146804
808,solid,height,0.792327518612468
809,specified,sequences,0.7421909846037736
810,square,perfect,0.8466191771574857
811,stacking,cups,1.0
812,stacking,game,1.0
813,stacking,playing,1.0
814,started,business,0.8160676360171514
815,started,cruz,0.8160676360171514
816,started,de,0.8160676360171514
817,started,la,0.8160676360171514
818,started,mrs,0.8160676360171514
819,started,since,0.8160676360171514
820,startegies,appropriate,1.0
821,startegies,dimesnions,1.0
822,starts,assume,1.0
823,stops,always,1.0
824,stops,ball,1.0
825,stops,fifth,1.0
826,stops,previous,0.7067356938971814
827,stops,rebounds,1.0
828,strikes,always,1.0
829,strikes,ball,1.0
830,strikes,fifth,1.0
831,strikes,previous,0.7067356938971814
832,strikes,rebounds,1.0
833,strikes,stops,1.0
834,subtract,follows,1.0
835,subtract,multiply,1.0
836,subtract,numerical,0.7063636314476653
837,subtracts,adds,1.0
838,subtracts,homework,1.0
839,subtracts,madison,1.0
840,subtracts,problem,1.0
841,subtracts,says,1.0
842,succeeding,dropped,0.8160676360171518
843,succeeding,fallen,0.8160676360171518
844,succeeding,falls,0.8160676360171518
845,succeeding,object,0.8160676360171518
846,succeeding,plane,0.8160676360171518
847,succeeding,preceding,0.8160676360171518
848,successive,additional,1.0
849,successive,hall,1.0
850,successive,rows,0.8160676360171515
851,successive,seat,0.706735693897181
852,synthetic,division,0.7582388338567374
853,taxi,fare,1.0
854,taxi,kilometer,1.0
855,taxi,passenger,1.0
856,taxi,pays,1.0
857,taxi,per,0.7067356938971814
858,technique,concept,1.0
859,technique,must,1.0
860,technique,order,1.0
861,technique,recall,1.0
862,ter,exponnts,1.0
863,ter,mul(pow(symbol(x)integer(-(d)))symbol(x)),1.0
864,terms,sum,0.7061091648287782
865,text{cm},box,0.7067356938971817
866,text{cm},cardboard,1.0
867,text{cm},corner,1.0
868,text{cm},open,1.0
869,text{cm},removing,1.0
870,thereafter,answer,0.7067356938971817
871,thereafter,decimal,1.0
872,thereafter,final,1.0
873,thereafter,manages,1.0
874,thereafter,month,0.7557594325146626
875,thereafter,months,1.0
876,thereafter,places,1.0
877,thereafter,previous,0.7067356938971815
878,thereafter,rico,1.0
879,thereafter,round,1.0
880,thereafter,savings,0.7067356938971815
881,thiss,call,1.0
882,time,always,1.0
883,time,ball,1.0
884,time,fifth,1.0
885,time,previous,0.7067356938971814
886,time,rebounds,1.0
887,time,stops,1.0
888,time,strikes,1.0
889,times,(h),1.0
890,times,(l),1.0
891,times,(w),1.0
892,times,height,0.7687194760502846
893,times,solid,0.9700223889146804
894,today,add(symbol(x)mul(integer(-(d))symbol(x))),1.0
895,today,chain,1.0
896,today,crew,1.0
897,today,earn,1.0
898,today,earns,1.0
899,today,hour,0.7067356938971813
900,today,hours,1.0
901,today,lita,1.0
902,today,per,0.7067356938971813
903,today,service,1.0
904,token,bought,1.0
905,token,christmas,0.7067356938971813
906,token,classroom,1.0
907,token,party,1.0
908,token,pedro,1.0
909,token,pesos,0.8943333765842449
910,token,peter,1.0
911,tokens,bought,1.0
912,tokens,christmas,0.7067356938971813
913,tokens,classroom,1.0
914,tokens,party,1.0
915,tokens,pedro,1.0
916,tokens,pesos,0.8943333765842449
917,tokens,peter,1.0
918,tokens,token,1.0
919,tossed,always,1.0
920,tossed,ball,1.0
921,tossed,fifth,1.0
922,tossed,previous,0.7067356938971814
923,tossed,rebounds,1.0
924,tossed,stops,1.0
925,tossed,strikes,1.0
926,tossed,time,1.0
927,total,income,0.7053670189713586
928,track,begins,1.0
929,track,field,1.0
930,track,jose,1.0
931,track,meet,1.0
932,track,miles,0.9999999999999991
933,track,municipal,1.0
934,track,nhs,1.0
935,track,provincial,1.0
936,track,representative,1.0
937,track,run,1.0
938,track,running,1.0
939,training,begins,1.0
940,training,field,1.0
941,training,jose,1.0
942,training,meet,1.0
943,training,miles,0.9999999999999991
944,training,municipal,1.0
945,training,nhs,1.0
946,training,provincial,1.0
947,training,representative,1.0
948,training,run,1.0
949,training,running,1.0
950,training,track,1.0
951,traveled,fare,1.0
952,traveled,kilometer,1.0
953,traveled,passenger,1.0
954,traveled,pays,1.0
955,traveled,per,0.7067356938971814
956,traveled,taxi,1.0
957,twice,enclose,0.893956315899632
958,twice,farmers,0.893956315899632
959,twice,garden,0.8939563158996319
960,twice,impasugong,0.893956315899632
961,twice,like,0.893956315899632
962,twice,mr,0.893956315899632
963,twice,opalla,0.893956315899632
964,u,prove,1.0
965,u,sin,1.0
966,unit,(h),1.0
967,unit,(l),1.0
968,unit,(w),1.0
969,unit,height,0.7687194760502846
970,unit,solid,0.9700223889146804
971,unit,times,1.0
972,units,(h),1.0
973,units,(l),1.0
974,units,(w),1.0
975,units,height,0.7687194760502846
976,units,solid,0.9700223889146804
977,units,times,1.0
978,units,unit,1.0
979,upper,add(integer((d))mul(integer(-(d))symbol(x))),1.0
980,upper,composed,1.0
981,upper,construction,1.0
982,upper,contains,0.8163539745205176
983,upper,layer,1.0
984,upper,logs,1.0000000000000007
985,upper,lowest,1.0
986,upper,piled,1.0
987,uppermost,add(integer((d))mul(integer(-(d))symbol(x))),1.0
988,uppermost,composed,1.0
989,uppermost,construction,1.0
990,uppermost,contains,0.8163539745205176
991,uppermost,layer,1.0
992,uppermost,logs,1.0000000000000007
993,uppermost,lowest,1.0
994,uppermost,piled,1.0
995,uppermost,upper,1.0
996,used,obtaining,0.8160676360171517
997,used,operation,0.8160676360171517
998,video,hour,0.7067356938971814
999,video,people,1.0
1000,viral,hour,0.7067356938971814
1001,viral,people,1.0
1002,viral,video,1.0
1003,volume,rectangular,0.8302389650104529
1004,walk,(d)m,1.0
1005,walk,advised,1.0
1006,walk,continue,1.0
1007,walk,daily,1.0
1008,walk,exercise,1.0
1009,walk,morning,1.0
1010,walk,physician,1.0
1011,walked,(d)m,1.0
1012,walked,advised,1.0
1013,walked,continue,1.0
1014,walked,daily,1.0
1015,walked,exercise,1.0
1016,walked,morning,1.0
1017,walked,physician,1.0
1018,walked,walk,1.0
1019,watching,hour,0.7067356938971814
1020,watching,people,1.0
1021,watching,video,1.0
1022,watching,viral,1.0
1023,week,amount,0.7165237639778468
1024,weekly,allowance,0.8160676360171515
1025,weekly,continued,0.8160676360171515
1026,weekly,deposits,0.8160676360171515
1027,weekly,jane,0.8160676360171515
1028,weekly,shoes,0.8160676360171515
1029,whatever,amount,0.8943333765842448
1030,whatever,bamboo,1.0
1031,whatever,bank,0.9999999999999997
1032,whatever,doubles,1.0
1033,whatever,fun,1.0
1034,whatever,inside,1.0
1035,whatever,joey,1.0
1036,whatever,peso,1.0
1037,whatever,saves,0.8943333765842448
1038,width,length,0.8811140881051769
1039,within,hour,0.7067356938971814
1040,within,people,1.0
1041,within,video,1.0
1042,within,viral,1.0
1043,within,watching,1.0
1044,working,(h),0.7063636314476653
1045,working,(l),0.7063636314476653
1046,working,(w),0.7063636314476653
1047,working,times,0.7063636314476653
1048,working,unit,0.7063636314476653
1049,working,units,0.7063636314476653
1050,works,add(symbol(x)mul(integer(-(d))symbol(x))),1.0
1051,works,chain,1.0
1052,works,crew,1.0
1053,works,earn,1.0
1054,works,earns,1.0
1055,works,hour,0.7067356938971813
1056,works,hours,1.0
1057,works,lita,1.0
1058,works,per,0.7067356938971813
1059,works,service,1.0
1060,works,today,1.0
1061,worth,bought,1.0
1062,worth,christmas,0.7067356938971813
1063,worth,classroom,1.0
1064,worth,party,1.0
1065,worth,pedro,1.0
1066,worth,pesos,0.8943333765842449
1067,worth,peter,1.0
1068,worth,token,1.0
1069,worth,tokens,1.0
1070,would,enclose,0.904115594483501
1071,would,farmers,0.904115594483501
1072,would,garden,0.9041155944835004
1073,would,impasugong,0.904115594483501
1074,would,like,0.904115594483501
1075,would,mr,0.904115594483501
1076,would,opalla,0.904115594483501
1077,would,twice,0.8080972023432779
1078,yaya,annual,1.0
1079,yaya,receives,1.0
1080,year,accepted,0.8163539745205174
1081,year,job,0.8163539745205174
1082,year,raise,0.8163539745205174
1083,yearly,annual,0.7063636314476658
1084,yearly,business,0.7063636314476659
1085,yearly,cruz,0.7063636314476659
1086,yearly,de,0.7063636314476659
1087,yearly,income,0.8654174532681052
1088,yearly,increase,0.8156366580130737
1089,yearly,la,0.7063636314476659
1090,yearly,mrs,0.7063636314476659
1091,yearly,receives,0.7063636314476658
1092,yearly,since,0.7063636314476659
1093,yearly,total,0.8156366580130759
1094,yearly,yaya,0.7063636314476658
1095,years,income,0.8721044709276677
1096,years,increase,0.925331669192647
1097,years,salary,0.8007274958942717
1098,years,yearly,0.7547344302139505
1099,zero,indicate,0.7066648619436755
1100,zeros,f(x),0.8706971863189248
1101,zeros,function,1.0
